epoch,accuracy,loss,val_accuracy,val_loss
0,0.805357813835144,0.5132227540016174,NA,NA
