epoch,accuracy,loss,val_accuracy,val_loss
0,0.806118905544281,0.5099220871925354,NA,NA
1,0.8065756559371948,0.5075348615646362,NA,NA
2,0.8062801957130432,0.5071932673454285,NA,NA
3,0.8066717386245728,0.5051131248474121,NA,NA
4,0.8072823286056519,0.5014461874961853,NA,NA
