epoch,accuracy,loss,val_accuracy,val_loss
0,0.9559794068336487,0.13997982442378998,NA,NA
1,0.9930841326713562,0.03689606115221977,NA,NA
2,0.992588996887207,0.03612389415502548,NA,NA
3,0.9924505352973938,0.040652431547641754,NA,NA
4,0.9923637509346008,0.041954174637794495,NA,NA
