epoch,accuracy,loss,val_accuracy,val_loss
0,0.9542253613471985,0.14189396798610687,NA,NA
1,0.9895923137664795,0.04757896810770035,NA,NA
2,0.9917665123939514,0.04435335844755173,NA,NA
3,0.9928911328315735,0.04079318791627884,NA,NA
4,0.9921180009841919,0.04254177212715149,NA,NA
