epoch,accuracy,loss,val_accuracy,val_loss
0,0.9476837515830994,0.1551610380411148,NA,NA
1,0.9916857481002808,0.03886561468243599,NA,NA
2,0.9903758764266968,0.0476711168885231,NA,NA
3,0.9904593825340271,0.05269289016723633,NA,NA
4,0.991431474685669,0.0466134250164032,NA,NA
