epoch,accuracy,loss,val_accuracy,val_loss
0,0.9931182861328125,0.03412819281220436,NA,NA
1,0.9934666156768799,0.031007876619696617,NA,NA
2,0.993523895740509,0.02987912856042385,NA,NA
3,0.9939366579055786,0.02779289521276951,NA,NA
4,0.9943074584007263,0.0262434221804142,NA,NA
