epoch,accuracy,loss,val_accuracy,val_loss
0,0.9931161999702454,0.03377543389797211,NA,NA
1,0.9931737780570984,0.03237423673272133,NA,NA
2,0.9948380589485168,0.024443717673420906,NA,NA
3,0.9950657486915588,0.023336535319685936,NA,NA
4,0.9954149127006531,0.021548662334680557,NA,NA
