epoch,accuracy,loss,val_accuracy,val_loss
0,0.9928706884384155,0.03562137857079506,NA,NA
1,0.9936882257461548,0.03052065335214138,NA,NA
2,0.9950069785118103,0.02367052435874939,NA,NA
3,0.9966288805007935,0.016420988366007805,NA,NA
4,0.9971582889556885,0.013493931852281094,NA,NA
