epoch,accuracy,loss,val_accuracy,val_loss
0,0.9577487707138062,0.15578503906726837,NA,NA
1,0.9895563125610352,0.04632877930998802,NA,NA
2,0.9897080659866333,0.04709755629301071,NA,NA
3,0.991436243057251,0.042187854647636414,NA,NA
4,0.991755485534668,0.0408247709274292,NA,NA
