epoch,accuracy,loss,val_accuracy,val_loss
0,0.9675142765045166,0.11015575379133224,NA,NA
1,0.9922180771827698,0.04018574208021164,NA,NA
2,0.9896063208580017,0.04952089488506317,NA,NA
3,0.990197479724884,0.04942498356103897,NA,NA
4,0.9902616143226624,0.051235705614089966,NA,NA
