epoch,accuracy,loss,val_accuracy,val_loss
0,0.9932131171226501,0.03331451117992401,NA,NA
1,0.9938376545906067,0.028888095170259476,NA,NA
2,0.9942731261253357,0.026598695665597916,NA,NA
3,0.9957881569862366,0.020250573754310608,NA,NA
4,0.9959631562232971,0.019388649612665176,NA,NA
