epoch,accuracy,loss,val_accuracy,val_loss
0,0.9929386377334595,0.03532426059246063,NA,NA
1,0.9930724501609802,0.032363854348659515,NA,NA
2,0.9938983917236328,0.028114797547459602,NA,NA
3,0.9951593279838562,0.02250424399971962,NA,NA
4,0.9957482218742371,0.019746428355574608,NA,NA
