epoch,accuracy,loss,val_accuracy,val_loss
0,0.9931817650794983,0.03289700299501419,NA,NA
1,0.9948729872703552,0.02445477433502674,NA,NA
2,0.9959463477134705,0.02001548372209072,NA,NA
3,0.9947981834411621,0.02427370846271515,NA,NA
4,0.9970206618309021,0.014834555797278881,NA,NA
