epoch,accuracy,loss,val_accuracy,val_loss
0,0.9940589070320129,0.029773321002721786,NA,NA
1,0.9943631887435913,0.02667172998189926,NA,NA
2,0.9954167008399963,0.021680377423763275,NA,NA
3,0.9966135025024414,0.016664789989590645,NA,NA
4,0.9955701231956482,0.020351264625787735,NA,NA
