epoch,accuracy,loss,val_accuracy,val_loss
0,0.9932829737663269,0.03327508643269539,NA,NA
1,0.9939402937889099,0.0284412931650877,NA,NA
2,0.9962847232818604,0.018286030739545822,NA,NA
3,0.9971776008605957,0.014366225339472294,NA,NA
4,0.9973562955856323,0.013473979197442532,NA,NA
