epoch,accuracy,loss,val_accuracy,val_loss
0,0.6943010091781616,1.0145349502563477,NA,NA
1,0.7486673593521118,0.7516420483589172,NA,NA
