epoch,accuracy,loss,val_accuracy,val_loss
0,0.6652449369430542,1.1308619976043701,NA,NA
1,0.7476325035095215,0.7599751949310303,NA,NA
