epoch,accuracy,loss,val_accuracy,val_loss
0,0.6171662211418152,1.3168302774429321,NA,NA
1,0.7461388111114502,0.7897241711616516,NA,NA
