epoch,accuracy,loss,val_accuracy,val_loss
0,0.6290751695632935,1.2937175035476685,NA,NA
1,0.7470565438270569,0.7853749990463257,NA,NA
