epoch,accuracy,loss,val_accuracy,val_loss
0,0.9638036489486694,0.12089160829782486,NA,NA
1,0.9912365674972534,0.0391547717154026,NA,NA
2,0.9930886626243591,0.03865926340222359,NA,NA
3,0.9922576546669006,0.04357258602976799,NA,NA
4,0.9917950630187988,0.041520893573760986,NA,NA
