epoch,accuracy,loss,val_accuracy,val_loss
0,0.9537423849105835,0.1729496568441391,NA,NA
1,0.9905585050582886,0.041111309081315994,NA,NA
2,0.9933860898017883,0.03696788474917412,NA,NA
3,0.9922048449516296,0.03627622500061989,NA,NA
4,0.9931350350379944,0.03441436216235161,NA,NA
