epoch,accuracy,loss,val_accuracy,val_loss
0,0.9334988594055176,0.22062823176383972,NA,NA
1,0.9889312386512756,0.046160802245140076,NA,NA
2,0.9901723861694336,0.04383546859025955,NA,NA
3,0.9905949831008911,0.042342547327280045,NA,NA
4,0.9913721680641174,0.041045792400836945,NA,NA
