epoch,accuracy,loss,val_accuracy,val_loss
0,0.49153995513916016,1.7388309240341187,NA,NA
1,0.7390033006668091,0.8831726908683777,NA,NA
