epoch,accuracy,loss,val_accuracy,val_loss
0,0.9930187463760376,0.0344514362514019,NA,NA
1,0.9939399361610413,0.028231360018253326,NA,NA
2,0.9941812753677368,0.02722329832613468,NA,NA
3,0.9940940737724304,0.027771499007940292,NA,NA
4,0.9946645498275757,0.02452915348112583,NA,NA
