epoch,accuracy,loss,val_accuracy,val_loss
0,0.612953245639801,1.3182462453842163,NA,NA
1,0.7420841455459595,0.7984954714775085,NA,NA
