epoch,accuracy,loss,val_accuracy,val_loss
0,0.8054400682449341,0.5128824710845947,NA,NA
1,0.8070768713951111,0.503244936466217,NA,NA
2,0.8087771534919739,0.4932548999786377,NA,NA
3,0.8084329962730408,0.49451932311058044,NA,NA
4,0.8061279654502869,0.5045594573020935,NA,NA
