epoch,accuracy,loss,val_accuracy,val_loss
0,0.8052390813827515,0.5139955878257751,NA,NA
1,0.80620276927948,0.509334146976471,NA,NA
2,0.8059827089309692,0.5069319009780884,NA,NA
3,0.8069455623626709,0.501383900642395,NA,NA
4,0.8086423873901367,0.49293196201324463,NA,NA
