epoch,accuracy,loss,val_accuracy,val_loss
0,0.805550754070282,0.5121118426322937,NA,NA
1,0.8061910271644592,0.507107675075531,NA,NA
2,0.805985152721405,0.5076155066490173,NA,NA
3,0.806372344493866,0.5047405958175659,NA,NA
4,0.8073441386222839,0.49964484572410583,NA,NA
