epoch,accuracy,loss,val_accuracy,val_loss
0,0.9921128153800964,0.038721632212400436,NA,NA
1,0.9925553798675537,0.03619522973895073,NA,NA
2,0.993594229221344,0.031129641458392143,NA,NA
3,0.993012011051178,0.0341191291809082,NA,NA
4,0.9929618835449219,0.03339965268969536,NA,NA
