epoch,accuracy,loss,val_accuracy,val_loss
0,0.990852952003479,0.042977750301361084,NA,NA
1,0.9930356740951538,0.033667705953121185,NA,NA
2,0.9934031963348389,0.03226475417613983,NA,NA
3,0.9930109977722168,0.033131103962659836,NA,NA
4,0.9926207065582275,0.03432280570268631,NA,NA
