epoch,accuracy,loss,val_accuracy,val_loss
0,0.9637409448623657,0.11441895365715027,NA,NA
1,0.9922745823860168,0.04135970026254654,NA,NA
2,0.9922904372215271,0.03891626372933388,NA,NA
3,0.9922577738761902,0.04130874574184418,NA,NA
4,0.9934437274932861,0.039290737360715866,NA,NA
