epoch,accuracy,loss,val_accuracy,val_loss
0,0.9664351940155029,0.10976487398147583,NA,NA
1,0.9930827617645264,0.03797663748264313,NA,NA
2,0.9939917325973511,0.03289191424846649,NA,NA
3,0.9936556816101074,0.036815300583839417,NA,NA
4,0.9924933910369873,0.03991074860095978,NA,NA
