epoch,accuracy,loss,val_accuracy,val_loss
0,0.586992621421814,1.3971655368804932,NA,NA
1,0.7445445656776428,0.795380175113678,NA,NA
