epoch,accuracy,loss,val_accuracy,val_loss
0,0.9651714563369751,0.11143170297145844,NA,NA
1,0.9917546510696411,0.044288359582424164,NA,NA
2,0.992905855178833,0.03648677468299866,NA,NA
3,0.9924188256263733,0.0443609394133091,NA,NA
4,0.9934054613113403,0.04000316560268402,NA,NA
