epoch,accuracy,loss,val_accuracy,val_loss
0,0.9684706926345825,0.10581620782613754,NA,NA
1,0.992821991443634,0.039849087595939636,NA,NA
2,0.9929171800613403,0.03487538918852806,NA,NA
3,0.9927413463592529,0.040368787944316864,NA,NA
4,0.9932641983032227,0.038745708763599396,NA,NA
