epoch,accuracy,loss,val_accuracy,val_loss
0,0.9603581428527832,0.13574452698230743,NA,NA
1,0.993245542049408,0.03911147266626358,NA,NA
2,0.992736279964447,0.034092433750629425,NA,NA
3,0.9931769371032715,0.035586558282375336,NA,NA
4,0.9930777549743652,0.03531787171959877,NA,NA
