epoch,accuracy,loss,val_accuracy,val_loss
0,0.9389687776565552,0.2169545739889145,NA,NA
1,0.9891855120658875,0.04728061333298683,NA,NA
2,0.9902709722518921,0.04264253005385399,NA,NA
3,0.991088330745697,0.041141852736473083,NA,NA
4,0.9913563132286072,0.03935737535357475,NA,NA
