epoch,accuracy,loss,val_accuracy,val_loss
0,0.9527101516723633,0.16833554208278656,NA,NA
1,0.988575279712677,0.048353176563978195,NA,NA
2,0.9904832243919373,0.04451996460556984,NA,NA
3,0.9918182492256165,0.04427846521139145,NA,NA
4,0.9923497438430786,0.037153322249650955,NA,NA
