epoch,accuracy,loss,val_accuracy,val_loss
0,0.9563022255897522,0.1374465525150299,NA,NA
1,0.9946775436401367,0.03203459456562996,NA,NA
2,0.9941592216491699,0.02907097339630127,NA,NA
3,0.9942795634269714,0.03359392657876015,NA,NA
4,0.9947611689567566,0.03318212553858757,NA,NA
