epoch,accuracy,loss,val_accuracy,val_loss
0,0.6242599487304688,1.3082101345062256,NA,NA
1,0.742719292640686,0.7912469506263733,NA,NA
