epoch,accuracy,loss,val_accuracy,val_loss
0,0.6623724102973938,1.1255574226379395,NA,NA
1,0.7488011717796326,0.751696765422821,NA,NA
