epoch,accuracy,loss,val_accuracy,val_loss
0,0.9918466210365295,0.03923962265253067,NA,NA
1,0.992588460445404,0.03623127564787865,NA,NA
2,0.9928317666053772,0.033935546875,NA,NA
3,0.9943090081214905,0.02636052668094635,NA,NA
4,0.9948967695236206,0.023583989590406418,NA,NA
