epoch,accuracy,loss,val_accuracy,val_loss
0,0.9927611947059631,0.036203254014253616,NA,NA
1,0.9934893250465393,0.03249114006757736,NA,NA
2,0.9926674365997314,0.035303276032209396,NA,NA
3,0.993030846118927,0.03248859941959381,NA,NA
4,0.9922308921813965,0.03618732839822769,NA,NA
