epoch,accuracy,loss,val_accuracy,val_loss
0,0.9911515712738037,0.04226824641227722,NA,NA
1,0.9929686784744263,0.035069528967142105,NA,NA
2,0.9915801882743835,0.04097045585513115,NA,NA
3,0.9913234114646912,0.04237207770347595,NA,NA
4,0.9933276772499084,0.032980505377054214,NA,NA
