epoch,accuracy,loss,val_accuracy,val_loss
0,0.9568643569946289,0.17346958816051483,NA,NA
1,0.98993980884552,0.04230372980237007,NA,NA
2,0.9921122789382935,0.03963889181613922,NA,NA
3,0.991189181804657,0.04256601631641388,NA,NA
4,0.9926096200942993,0.036328624933958054,NA,NA
