epoch,accuracy,loss,val_accuracy,val_loss
0,0.9608635902404785,0.1194848120212555,NA,NA
1,0.9933638572692871,0.03578849136829376,NA,NA
2,0.9918236136436462,0.04022517055273056,NA,NA
3,0.9922491908073425,0.04074973613023758,NA,NA
4,0.9924314618110657,0.03935357183218002,NA,NA
