epoch,accuracy,loss,val_accuracy,val_loss
0,0.9547461271286011,0.13609051704406738,NA,NA
1,0.991592526435852,0.042393915355205536,NA,NA
2,0.9925367832183838,0.03875556215643883,NA,NA
3,0.9919523596763611,0.048220302909612656,NA,NA
4,0.992193877696991,0.042698487639427185,NA,NA
