epoch,accuracy,loss,val_accuracy,val_loss
0,0.6339083909988403,1.2836230993270874,NA,NA
1,0.7448868155479431,0.7870903015136719,NA,NA
