epoch,accuracy,loss,val_accuracy,val_loss
0,0.9646065831184387,0.13426510989665985,NA,NA
1,0.9893618226051331,0.0465831533074379,NA,NA
2,0.9900379180908203,0.047891099005937576,NA,NA
3,0.9896875023841858,0.05179499462246895,NA,NA
4,0.990494966506958,0.04687219485640526,NA,NA
