epoch,accuracy,loss,val_accuracy,val_loss
0,0.9595876336097717,0.1488228589296341,NA,NA
1,0.9912851452827454,0.04269164055585861,NA,NA
2,0.9910591244697571,0.04014763608574867,NA,NA
3,0.9921366572380066,0.040342576801776886,NA,NA
4,0.9921969771385193,0.03906010463833809,NA,NA
