epoch,accuracy,loss,val_accuracy,val_loss
0,0.9637647867202759,0.1328228861093521,NA,NA
1,0.9913423657417297,0.038170456886291504,NA,NA
2,0.992154061794281,0.035804856568574905,NA,NA
3,0.9925037026405334,0.03884991630911827,NA,NA
4,0.9934619665145874,0.03753308206796646,NA,NA
