epoch,accuracy,loss,val_accuracy,val_loss
0,0.881976842880249,0.3592683672904968,NA,NA
1,0.988620936870575,0.07535646855831146,NA,NA
2,0.9887567758560181,0.04921800643205643,NA,NA
3,0.9891411066055298,0.044057171791791916,NA,NA
4,0.9888676404953003,0.04468141123652458,NA,NA
