epoch,accuracy,loss,val_accuracy,val_loss
0,0.9199158549308777,0.27446871995925903,NA,NA
1,0.9873301386833191,0.06625304371118546,NA,NA
2,0.9892153739929199,0.047230131924152374,NA,NA
3,0.9906149506568909,0.04040990397334099,NA,NA
4,0.99166339635849,0.03688429668545723,NA,NA
