epoch,accuracy,loss,val_accuracy,val_loss
0,0.9410477876663208,0.17306219041347504,NA,NA
1,0.9934273362159729,0.046257179230451584,NA,NA
2,0.994412362575531,0.038117509335279465,NA,NA
3,0.9933931827545166,0.033285778015851974,NA,NA
4,0.9921547770500183,0.03685790300369263,NA,NA
