epoch,accuracy,loss,val_accuracy,val_loss
0,0.9123857617378235,0.2360580861568451,NA,NA
1,0.9931046366691589,0.043858207762241364,NA,NA
2,0.992204487323761,0.03881239518523216,NA,NA
3,0.9931221604347229,0.03394099697470665,NA,NA
4,0.992595374584198,0.03717895224690437,NA,NA
