epoch,accuracy,loss,val_accuracy,val_loss
0,0.6090555787086487,1.355685830116272,NA,NA
1,0.7415568828582764,0.7983584403991699,NA,NA
