epoch,accuracy,loss,val_accuracy,val_loss
0,0.991426944732666,0.04184655472636223,NA,NA
1,0.9922712445259094,0.036599963903427124,NA,NA
2,0.9938173294067383,0.02851494587957859,NA,NA
3,0.9946087002754211,0.025358259677886963,NA,NA
4,0.9951273798942566,0.022507425397634506,NA,NA
