epoch,accuracy,loss,val_accuracy,val_loss
0,0.9922024607658386,0.037668827921152115,NA,NA
1,0.9934551119804382,0.03184738755226135,NA,NA
2,0.9932348132133484,0.0322967953979969,NA,NA
3,0.9939401149749756,0.02798771858215332,NA,NA
4,0.9940967559814453,0.02679900825023651,NA,NA
