epoch,accuracy,loss,val_accuracy,val_loss
0,0.9456733465194702,0.2409200668334961,NA,NA
1,0.9909822940826416,0.057458508759737015,NA,NA
2,0.993219792842865,0.03547407686710358,NA,NA
3,0.9915967583656311,0.034432001411914825,NA,NA
4,0.9914907813072205,0.0380990132689476,NA,NA
