epoch,accuracy,loss,val_accuracy,val_loss
0,0.9248919486999512,0.20491065084934235,NA,NA
1,0.9933892488479614,0.04097721353173256,NA,NA
2,0.9922705292701721,0.03519566357135773,NA,NA
3,0.9921728372573853,0.03336922451853752,NA,NA
4,0.9909483790397644,0.04033179581165314,NA,NA
