epoch,accuracy,loss,val_accuracy,val_loss
0,0.8058184385299683,0.5128896832466125,NA,NA
1,0.8059412837028503,0.5109304785728455,NA,NA
