epoch,accuracy,loss,val_accuracy,val_loss
0,0.804445207118988,0.5163812041282654,NA,NA
1,0.8053916096687317,0.5140954852104187,NA,NA
2,0.80652916431427,0.5072643160820007,NA,NA
3,0.8053532838821411,0.5126797556877136,NA,NA
4,0.8058853149414062,0.5111435651779175,NA,NA
