epoch,accuracy,loss,val_accuracy,val_loss
0,0.6657894849777222,1.1240218877792358,NA,NA
1,0.7522872090339661,0.7582230567932129,NA,NA
