epoch,accuracy,loss,val_accuracy,val_loss
0,0.6261988282203674,1.2887612581253052,NA,NA
1,0.7489807605743408,0.7866859436035156,NA,NA
