epoch,accuracy,loss,val_accuracy,val_loss
0,0.6956432461738586,1.008634328842163,NA,NA
1,0.7497220039367676,0.7706913948059082,NA,NA
