epoch,accuracy,loss,val_accuracy,val_loss
0,0.8785215020179749,0.3669619560241699,NA,NA
1,0.9871419072151184,0.07574351131916046,NA,NA
2,0.987597644329071,0.05484156310558319,NA,NA
3,0.9887386560440063,0.053812917321920395,NA,NA
4,0.9890299439430237,0.05108189955353737,NA,NA
