epoch,accuracy,loss,val_accuracy,val_loss
0,0.906904935836792,0.2979702055454254,NA,NA
1,0.9901530146598816,0.06147272512316704,NA,NA
2,0.9931640625,0.04008471220731735,NA,NA
3,0.9900893568992615,0.03877921774983406,NA,NA
4,0.988330066204071,0.04631875455379486,NA,NA
