epoch,accuracy,loss,val_accuracy,val_loss
0,0.9593713283538818,0.1253545731306076,NA,NA
1,0.9925238490104675,0.03738010302186012,NA,NA
2,0.9931526184082031,0.04158162325620651,NA,NA
3,0.9931703209877014,0.04308565706014633,NA,NA
4,0.9937591552734375,0.03444520756602287,NA,NA
