epoch,accuracy,loss,val_accuracy,val_loss
0,0.805855929851532,0.5136422514915466,NA,NA
1,0.8051108717918396,0.5151042938232422,NA,NA
2,0.8051952719688416,0.5132089257240295,NA,NA
3,0.8064880967140198,0.5061673521995544,NA,NA
4,0.8066521286964417,0.5048917531967163,NA,NA
