epoch,accuracy,loss,val_accuracy,val_loss
0,0.8061569929122925,0.5119599103927612,NA,NA
1,0.8067236542701721,0.5100924372673035,NA,NA
2,0.8053853511810303,0.5141134262084961,NA,NA
3,0.8058078289031982,0.5114451050758362,NA,NA
4,0.8061836361885071,0.5079910159111023,NA,NA
