epoch,accuracy,loss,val_accuracy,val_loss
0,0.8055689930915833,0.5140535831451416,NA,NA
1,0.8049322962760925,0.5164068341255188,NA,NA
2,0.8055200576782227,0.514519453048706,NA,NA
3,0.8061144948005676,0.5107028484344482,NA,NA
4,0.8056194186210632,0.5118616223335266,NA,NA
