epoch,accuracy,loss,val_accuracy,val_loss
0,0.9009068608283997,0.3019867539405823,NA,NA
1,0.9885075092315674,0.0676790326833725,NA,NA
2,0.9888802170753479,0.04718779772520065,NA,NA
3,0.9904842972755432,0.038608286529779434,NA,NA
4,0.988710880279541,0.046609148383140564,NA,NA
