epoch,accuracy,loss,val_accuracy,val_loss
0,0.922823965549469,0.2127474993467331,NA,NA
1,0.9926773309707642,0.047597989439964294,NA,NA
2,0.9933281540870667,0.038097940385341644,NA,NA
3,0.9920448064804077,0.037386998534202576,NA,NA
4,0.9904059767723083,0.041408464312553406,NA,NA
