epoch,accuracy,loss,val_accuracy,val_loss
0,0.8643783330917358,0.3828614354133606,NA,NA
1,0.9872362017631531,0.0816296935081482,NA,NA
2,0.9885746240615845,0.050457291305065155,NA,NA
3,0.9896191954612732,0.042513635009527206,NA,NA
4,0.9882701635360718,0.0517379567027092,NA,NA
