epoch,accuracy,loss,val_accuracy,val_loss
0,0.968573808670044,0.10292395204305649,NA,NA
1,0.9906226396560669,0.04399727284908295,NA,NA
2,0.990978479385376,0.04376398026943207,NA,NA
3,0.9909335374832153,0.04618167504668236,NA,NA
4,0.9918304085731506,0.040617600083351135,NA,NA
