epoch,accuracy,loss,val_accuracy,val_loss
0,0.9508816003799438,0.1661829650402069,NA,NA
1,0.9888623356819153,0.04978593811392784,NA,NA
2,0.9896089434623718,0.047587621957063675,NA,NA
3,0.9904503226280212,0.04814336076378822,NA,NA
4,0.9912158250808716,0.04328889399766922,NA,NA
