epoch,accuracy,loss,val_accuracy,val_loss
0,0.9680898785591125,0.10533533245325089,NA,NA
1,0.9926382899284363,0.040293555706739426,NA,NA
2,0.9926632046699524,0.037667497992515564,NA,NA
3,0.9920193552970886,0.04157693311572075,NA,NA
4,0.9915639162063599,0.04338161274790764,NA,NA
