epoch,accuracy,loss,val_accuracy,val_loss
0,0.9681986570358276,0.10915554314851761,NA,NA
1,0.9921656250953674,0.04078783467411995,NA,NA
2,0.9922230243682861,0.0383286289870739,NA,NA
3,0.9918999075889587,0.04271111637353897,NA,NA
4,0.9919500946998596,0.040094390511512756,NA,NA
