epoch,accuracy,loss,val_accuracy,val_loss
0,0.9654312133789062,0.13088850677013397,NA,NA
1,0.9919917583465576,0.038254354149103165,NA,NA
2,0.9910599589347839,0.04094559699296951,NA,NA
3,0.9922093152999878,0.03938283026218414,NA,NA
4,0.9906229376792908,0.04555974900722504,NA,NA
