epoch,accuracy,loss,val_accuracy,val_loss
0,0.6098459959030151,1.3258594274520874,NA,NA
1,0.7495435476303101,0.7839885354042053,NA,NA
