epoch,accuracy,loss,val_accuracy,val_loss
0,0.6773586869239807,1.0953956842422485,NA,NA
1,0.7504271268844604,0.7479710578918457,NA,NA
