epoch,accuracy,loss,val_accuracy,val_loss
0,0.6922807097434998,1.0374088287353516,NA,NA
1,0.7445788383483887,0.7700581550598145,NA,NA
