epoch,accuracy,loss,val_accuracy,val_loss
0,0.992237389087677,0.03904309123754501,NA,NA
1,0.9930458664894104,0.03372572362422943,NA,NA
2,0.9929971694946289,0.03331283852458,NA,NA
3,0.9934092164039612,0.030271874740719795,NA,NA
4,0.993195652961731,0.031313370913267136,NA,NA
