epoch,accuracy,loss,val_accuracy,val_loss
0,0.9922956228256226,0.036694541573524475,NA,NA
1,0.9941591024398804,0.02917376719415188,NA,NA
2,0.9941335916519165,0.028234999626874924,NA,NA
3,0.9934657216072083,0.031104346737265587,NA,NA
4,0.9928264617919922,0.03285326436161995,NA,NA
