epoch,accuracy,loss,val_accuracy,val_loss
0,0.9531531929969788,0.1651681810617447,NA,NA
1,0.9914060235023499,0.03906659036874771,NA,NA
2,0.9917811751365662,0.03647495061159134,NA,NA
3,0.9926223158836365,0.038086000829935074,NA,NA
4,0.9922956824302673,0.03727161884307861,NA,NA
