epoch,accuracy,loss,val_accuracy,val_loss
0,0.955559492111206,0.13624043762683868,NA,NA
1,0.9910246729850769,0.044833626598119736,NA,NA
2,0.9922990798950195,0.040610171854496,NA,NA
3,0.9899510741233826,0.05601828172802925,NA,NA
4,0.991218090057373,0.04576331377029419,NA,NA
