epoch,accuracy,loss,val_accuracy,val_loss
0,0.9445277452468872,0.20123779773712158,NA,NA
1,0.989397406578064,0.0471375435590744,NA,NA
2,0.9917556643486023,0.0394328348338604,NA,NA
3,0.992325484752655,0.0380210243165493,NA,NA
4,0.9928811192512512,0.036951396614313126,NA,NA
