epoch,accuracy,loss,val_accuracy,val_loss
0,0.9478660821914673,0.15348252654075623,NA,NA
1,0.9920925498008728,0.03818000480532646,NA,NA
2,0.9915943741798401,0.04061334207653999,NA,NA
3,0.9922746419906616,0.0443057045340538,NA,NA
4,0.9929829835891724,0.03578261286020279,NA,NA
