epoch,accuracy,loss,val_accuracy,val_loss
0,0.6176998019218445,1.3242642879486084,NA,NA
1,0.746053159236908,0.7819858193397522,NA,NA
