epoch,accuracy,loss,val_accuracy,val_loss
0,0.9926879405975342,0.03567271679639816,NA,NA
1,0.9934545755386353,0.031021950766444206,NA,NA
2,0.9940308332443237,0.02766740508377552,NA,NA
3,0.9960821866989136,0.018684636801481247,NA,NA
4,0.9959371089935303,0.018676215782761574,NA,NA
