epoch,accuracy,loss,val_accuracy,val_loss
0,0.9924110770225525,0.0367729552090168,NA,NA
1,0.9930558204650879,0.032549262046813965,NA,NA
2,0.9940406084060669,0.02776983007788658,NA,NA
3,0.9948365092277527,0.023999055847525597,NA,NA
4,0.9945545196533203,0.024961262941360474,NA,NA
