epoch,accuracy,loss,val_accuracy,val_loss
0,0.9621038436889648,0.11961689591407776,NA,NA
1,0.9915117621421814,0.04633020609617233,NA,NA
2,0.992736279964447,0.03947145491838455,NA,NA
3,0.9913495779037476,0.04553551971912384,NA,NA
4,0.9915124177932739,0.04431132227182388,NA,NA
