epoch,accuracy,loss,val_accuracy,val_loss
0,0.9659059047698975,0.11057877540588379,NA,NA
1,0.9917941689491272,0.041047945618629456,NA,NA
2,0.9915096759796143,0.04148080199956894,NA,NA
3,0.9921529293060303,0.04047977551817894,NA,NA
4,0.9927330017089844,0.03957122191786766,NA,NA
