epoch,accuracy,loss,val_accuracy,val_loss
0,0.9537540078163147,0.1640654355287552,NA,NA
1,0.9885468482971191,0.052188340574502945,NA,NA
2,0.9904356598854065,0.04262591153383255,NA,NA
3,0.9912930130958557,0.04410843551158905,NA,NA
4,0.9911112189292908,0.04432649910449982,NA,NA
