epoch,accuracy,loss,val_accuracy,val_loss
0,0.9705271124839783,0.10501594841480255,NA,NA
1,0.9927316308021545,0.03478137403726578,NA,NA
2,0.9901077747344971,0.04387445002794266,NA,NA
3,0.9905009269714355,0.044437650591135025,NA,NA
4,0.9922752976417542,0.03739091008901596,NA,NA
