epoch,accuracy,loss,val_accuracy,val_loss
0,0.9655578136444092,0.11058874428272247,NA,NA
1,0.9934105277061462,0.0373898409307003,NA,NA
2,0.993423342704773,0.0354950837790966,NA,NA
3,0.9930935502052307,0.03896789252758026,NA,NA
4,0.9939736127853394,0.03538048639893532,NA,NA
