epoch,accuracy,loss,val_accuracy,val_loss
0,0.9615600109100342,0.13587044179439545,NA,NA
1,0.9909182786941528,0.043765220791101456,NA,NA
2,0.9922471642494202,0.036424409598112106,NA,NA
3,0.9914135932922363,0.04181757569313049,NA,NA
4,0.9919761419296265,0.04166032373905182,NA,NA
