epoch,accuracy,loss,val_accuracy,val_loss
0,0.9645795226097107,0.11197786033153534,NA,NA
1,0.9931731820106506,0.03947775065898895,NA,NA
2,0.9903979897499084,0.046920277178287506,NA,NA
3,0.9913740158081055,0.05015719681978226,NA,NA
4,0.9924684166908264,0.04191185161471367,NA,NA
