epoch,accuracy,loss,val_accuracy,val_loss
0,0.9249088764190674,0.21751147508621216,NA,NA
1,0.9894058704376221,0.05610093101859093,NA,NA
2,0.990221381187439,0.04512985050678253,NA,NA
3,0.9921465516090393,0.0348154753446579,NA,NA
4,0.9915586113929749,0.04335147887468338,NA,NA
