epoch,accuracy,loss,val_accuracy,val_loss
0,0.9236037135124207,0.22049520909786224,NA,NA
1,0.9912195801734924,0.047415655106306076,NA,NA
2,0.9933790564537048,0.03951318934559822,NA,NA
3,0.9918242692947388,0.03345824405550957,NA,NA
4,0.9919145703315735,0.03879553824663162,NA,NA
