epoch,accuracy,loss,val_accuracy,val_loss
0,0.9930172562599182,0.03445317596197128,NA,NA
1,0.9945081472396851,0.02540748007595539,NA,NA
2,0.9954413771629333,0.020469605922698975,NA,NA
3,0.9941120743751526,0.02775285765528679,NA,NA
4,0.9979467391967773,0.00941476784646511,NA,NA
