epoch,accuracy,loss,val_accuracy,val_loss
0,0.992775022983551,0.03585639223456383,NA,NA
1,0.9935373067855835,0.030450746417045593,NA,NA
2,0.9954681992530823,0.02157231606543064,NA,NA
3,0.9956215620040894,0.020436471328139305,NA,NA
4,0.9964671730995178,0.016251536086201668,NA,NA
