epoch,accuracy,loss,val_accuracy,val_loss
0,0.9928375482559204,0.035356760025024414,NA,NA
1,0.9926515817642212,0.03471389040350914,NA,NA
2,0.9933229088783264,0.03159952908754349,NA,NA
3,0.9944283962249756,0.0258757583796978,NA,NA
4,0.9958046078681946,0.01984058879315853,NA,NA
