epoch,accuracy,loss,val_accuracy,val_loss
0,0.9925060868263245,0.035757869482040405,NA,NA
1,0.9925982356071472,0.03516806289553642,NA,NA
2,0.9925916790962219,0.03531559929251671,NA,NA
3,0.9931733012199402,0.0317368246614933,NA,NA
4,0.9937453866004944,0.02873653918504715,NA,NA
