epoch,accuracy,loss,val_accuracy,val_loss
0,0.9932407736778259,0.03365866094827652,NA,NA
1,0.9939814209938049,0.02868705801665783,NA,NA
2,0.9952085614204407,0.023227766156196594,NA,NA
3,0.9945476055145264,0.02517274208366871,NA,NA
4,0.9953514337539673,0.02152821235358715,NA,NA
