epoch,accuracy,loss,val_accuracy,val_loss
0,0.6219016909599304,1.2887250185012817,NA,NA
1,0.7446617484092712,0.7880922555923462,NA,NA
