epoch,accuracy,loss,val_accuracy,val_loss
0,0.6957504749298096,1.009772777557373,NA,NA
1,0.7517678141593933,0.7540192604064941,NA,NA
