epoch,accuracy,loss,val_accuracy,val_loss
0,0.9318580031394958,0.26423680782318115,NA,NA
1,0.9898010492324829,0.06292411684989929,NA,NA
2,0.9918453693389893,0.040208928287029266,NA,NA
3,0.9935347437858582,0.036556318402290344,NA,NA
4,0.992888867855072,0.034901008009910583,NA,NA
