epoch,accuracy,loss,val_accuracy,val_loss
0,0.925518810749054,0.2079915553331375,NA,NA
1,0.9893463253974915,0.05113916099071503,NA,NA
2,0.9894574284553528,0.05030389130115509,NA,NA
3,0.9894737005233765,0.050376128405332565,NA,NA
4,0.9892275333404541,0.05472325533628464,NA,NA
