epoch,accuracy,loss,val_accuracy,val_loss
0,0.9303988218307495,0.2096611112356186,NA,NA
1,0.9908404350280762,0.05511323735117912,NA,NA
2,0.9923164248466492,0.04121607169508934,NA,NA
3,0.9931936264038086,0.03791360184550285,NA,NA
4,0.9921403527259827,0.04107053205370903,NA,NA
