epoch,accuracy,loss,val_accuracy,val_loss
0,0.8804636597633362,0.3542966842651367,NA,NA
1,0.9869264960289001,0.07484468817710876,NA,NA
2,0.9877842664718628,0.05139173939824104,NA,NA
3,0.9893762469291687,0.04485917463898659,NA,NA
4,0.9894553422927856,0.04739422723650932,NA,NA
