epoch,accuracy,loss,val_accuracy,val_loss
0,0.9198605418205261,0.22067005932331085,NA,NA
1,0.990775465965271,0.04873770475387573,NA,NA
2,0.9917479157447815,0.04058268293738365,NA,NA
3,0.9909194111824036,0.03933496028184891,NA,NA
4,0.9904154539108276,0.04461066424846649,NA,NA
