epoch,accuracy,loss,val_accuracy,val_loss
0,0.917516827583313,0.22358438372612,NA,NA
1,0.99244225025177,0.04891259968280792,NA,NA
2,0.9939708113670349,0.03844476863741875,NA,NA
3,0.9924774765968323,0.04032112658023834,NA,NA
4,0.992459237575531,0.04151315242052078,NA,NA
