epoch,accuracy,loss,val_accuracy,val_loss
0,0.9072807431221008,0.24122098088264465,NA,NA
1,0.9884001612663269,0.058907099068164825,NA,NA
2,0.989164412021637,0.049993228167295456,NA,NA
3,0.9899812936782837,0.04484030231833458,NA,NA
4,0.994208574295044,0.037115875631570816,NA,NA
