epoch,accuracy,loss,val_accuracy,val_loss
0,0.626788854598999,1.3011970520019531,NA,NA
1,0.7496899962425232,0.7766082286834717,NA,NA
