epoch,accuracy,loss,val_accuracy,val_loss
0,0.6265204548835754,1.2851210832595825,NA,NA
1,0.7462714314460754,0.7909882664680481,NA,NA
