epoch,accuracy,loss,val_accuracy,val_loss
0,0.9926157593727112,0.03546540066599846,NA,NA
1,0.9927156567573547,0.03566094860434532,NA,NA
2,0.9929537773132324,0.033294349908828735,NA,NA
3,0.9935646653175354,0.030142048373818398,NA,NA
4,0.9944624304771423,0.02580287493765354,NA,NA
