epoch,accuracy,loss,val_accuracy,val_loss
0,0.9920470118522644,0.03733162581920624,NA,NA
1,0.993735671043396,0.030958089977502823,NA,NA
2,0.9937455058097839,0.030225088819861412,NA,NA
3,0.9940993189811707,0.027888109907507896,NA,NA
4,0.9929354786872864,0.0330859050154686,NA,NA
