epoch,accuracy,loss,val_accuracy,val_loss
0,0.9931688904762268,0.03568734601140022,NA,NA
1,0.9934141635894775,0.03283708915114403,NA,NA
2,0.9929777383804321,0.03394138067960739,NA,NA
3,0.9939535856246948,0.030015388503670692,NA,NA
4,0.9927461743354797,0.034289684146642685,NA,NA
