epoch,accuracy,loss,val_accuracy,val_loss
0,0.9925059676170349,0.0368758849799633,NA,NA
1,0.9936721920967102,0.0315588042140007,NA,NA
2,0.9946300387382507,0.026827959343791008,NA,NA
3,0.993683934211731,0.03005353733897209,NA,NA
4,0.9940474033355713,0.02841883711516857,NA,NA
