epoch,accuracy,loss,val_accuracy,val_loss
0,0.9932346343994141,0.034319423139095306,NA,NA
1,0.9943674802780151,0.028716949746012688,NA,NA
2,0.99357670545578,0.030960198491811752,NA,NA
3,0.9929950833320618,0.03339467942714691,NA,NA
4,0.9936707615852356,0.029528573155403137,NA,NA
