epoch,accuracy,loss,val_accuracy,val_loss
0,0.9507654905319214,0.1682778298854828,NA,NA
1,0.9896537661552429,0.04760254919528961,NA,NA
2,0.991159200668335,0.03944949805736542,NA,NA
3,0.9902180433273315,0.043641671538352966,NA,NA
4,0.9914615750312805,0.04114494472742081,NA,NA
