epoch,accuracy,loss,val_accuracy,val_loss
0,0.9671769738197327,0.1075468435883522,NA,NA
1,0.9908340573310852,0.04598889872431755,NA,NA
2,0.9905713200569153,0.04586262255907059,NA,NA
3,0.9914570450782776,0.04686562344431877,NA,NA
4,0.9929816722869873,0.040406856685876846,NA,NA
