epoch,accuracy,loss,val_accuracy,val_loss
0,0.49255359172821045,1.7751755714416504,NA,NA
1,0.7412538528442383,0.9005484580993652,NA,NA
