epoch,accuracy,loss,val_accuracy,val_loss
0,0.9365859627723694,0.21576552093029022,NA,NA
1,0.9894622564315796,0.0467517152428627,NA,NA
2,0.9899729490280151,0.04447924718260765,NA,NA
3,0.9900621175765991,0.045021578669548035,NA,NA
4,0.9907535910606384,0.042412303388118744,NA,NA
