epoch,accuracy,loss,val_accuracy,val_loss
0,0.9517567753791809,0.16952598094940186,NA,NA
1,0.9919254183769226,0.03831840679049492,NA,NA
2,0.9927841424942017,0.03714887797832489,NA,NA
3,0.9912696480751038,0.04194933548569679,NA,NA
4,0.992003321647644,0.03985704481601715,NA,NA
