epoch,accuracy,loss,val_accuracy,val_loss
0,0.6964536309242249,1.0179656744003296,NA,NA
1,0.7496685981750488,0.7503101229667664,NA,NA
