epoch,accuracy,loss,val_accuracy,val_loss
0,0.7554201483726501,0.7018712759017944,NA,NA
