epoch,accuracy,loss,val_accuracy,val_loss
0,0.7554201483726501,0.7018712759017944,NA,NA
1,0.7683253884315491,0.6576336622238159,NA,NA
2,0.8016896843910217,0.539739191532135,NA,NA
3,0.8091952800750732,0.5072972178459167,NA,NA
4,0.8129011392593384,0.494711309671402,NA,NA
