epoch,accuracy,loss,val_accuracy,val_loss
0,0.9180947542190552,0.2271437793970108,NA,NA
1,0.9907788634300232,0.0501738078892231,NA,NA
2,0.9923552870750427,0.037861377000808716,NA,NA
3,0.9919864535331726,0.03561308607459068,NA,NA
4,0.9926095604896545,0.03653988987207413,NA,NA
