epoch,accuracy,loss,val_accuracy,val_loss
0,0.9268073439598083,0.21416383981704712,NA,NA
1,0.9920501708984375,0.045033738017082214,NA,NA
2,0.9896262288093567,0.04210182651877403,NA,NA
3,0.9906988739967346,0.04082578793168068,NA,NA
4,0.9921857714653015,0.03610161319375038,NA,NA
