epoch,accuracy,loss,val_accuracy,val_loss
0,0.8912619948387146,0.35211190581321716,NA,NA
1,0.986558198928833,0.07827109098434448,NA,NA
2,0.988727867603302,0.055124931037425995,NA,NA
3,0.987920343875885,0.04946720972657204,NA,NA
4,0.9877786040306091,0.04709398373961449,NA,NA
