epoch,accuracy,loss,val_accuracy,val_loss
0,0.9687261581420898,0.10069365799427032,NA,NA
1,0.9940998554229736,0.03581203892827034,NA,NA
2,0.9935615062713623,0.03478286787867546,NA,NA
3,0.9928784370422363,0.040993962436914444,NA,NA
4,0.993543267250061,0.03928888216614723,NA,NA
