epoch,accuracy,loss,val_accuracy,val_loss
0,0.9663587212562561,0.11317320913076401,NA,NA
1,0.9913532137870789,0.04004712775349617,NA,NA
2,0.9931768178939819,0.03579750284552574,NA,NA
3,0.993206262588501,0.038086261600255966,NA,NA
4,0.9907106161117554,0.04496289789676666,NA,NA
