epoch,accuracy,loss,val_accuracy,val_loss
0,0.9611040353775024,0.13676795363426208,NA,NA
1,0.9906185269355774,0.04282767325639725,NA,NA
2,0.9916548728942871,0.03862730413675308,NA,NA
3,0.9915106892585754,0.04427503049373627,NA,NA
4,0.9914965033531189,0.04132726043462753,NA,NA
