epoch,accuracy,loss,val_accuracy,val_loss
0,0.9650139808654785,0.10823120921850204,NA,NA
1,0.9937155246734619,0.038290686905384064,NA,NA
2,0.9937991499900818,0.03510924056172371,NA,NA
3,0.9940823316574097,0.04113794490695,NA,NA
4,0.9922202229499817,0.04285275191068649,NA,NA
