epoch,accuracy,loss,val_accuracy,val_loss
0,0.9126958250999451,0.2787633538246155,NA,NA
1,0.9875848889350891,0.0678449347615242,NA,NA
2,0.9900984764099121,0.04223497584462166,NA,NA
3,0.993802011013031,0.03742542117834091,NA,NA
4,0.991915762424469,0.037072811275720596,NA,NA
