epoch,accuracy,loss,val_accuracy,val_loss
0,0.8828532099723816,0.3742937743663788,NA,NA
1,0.9872622489929199,0.0820935070514679,NA,NA
2,0.988552987575531,0.05229621008038521,NA,NA
3,0.9892171621322632,0.04600909724831581,NA,NA
4,0.989079475402832,0.0448419451713562,NA,NA
