epoch,accuracy,loss,val_accuracy,val_loss
0,0.9273455739021301,0.20470218360424042,NA,NA
1,0.9895719885826111,0.05507994070649147,NA,NA
2,0.9906080365180969,0.043166689574718475,NA,NA
3,0.9910341501235962,0.0389041043817997,NA,NA
4,0.9892662763595581,0.04663381725549698,NA,NA
