epoch,accuracy,loss,val_accuracy,val_loss
0,0.9653314352035522,0.11229802668094635,NA,NA
1,0.9926645755767822,0.040660880506038666,NA,NA
2,0.9934208393096924,0.03747395798563957,NA,NA
3,0.991635262966156,0.04234197735786438,NA,NA
4,0.9918824434280396,0.042672570794820786,NA,NA
