epoch,accuracy,loss,val_accuracy,val_loss
0,0.9645899534225464,0.1305982768535614,NA,NA
1,0.9912912845611572,0.03893169015645981,NA,NA
2,0.9916404485702515,0.040133506059646606,NA,NA
3,0.9927105903625488,0.038673385977745056,NA,NA
4,0.993392825126648,0.039736632257699966,NA,NA
