epoch,accuracy,loss,val_accuracy,val_loss
0,0.9554600715637207,0.15953610837459564,NA,NA
1,0.9908448457717896,0.04142681509256363,NA,NA
2,0.9912673830986023,0.040865782648324966,NA,NA
3,0.9913692474365234,0.042892567813396454,NA,NA
4,0.9926460981369019,0.03625241667032242,NA,NA
