epoch,accuracy,loss,val_accuracy,val_loss
0,0.7764626741409302,0.6332501173019409,NA,NA
1,0.815032958984375,0.49088478088378906,NA,NA
2,0.8280457854270935,0.46170365810394287,NA,NA
3,0.8595039248466492,0.3505024313926697,NA,NA
4,0.8702735900878906,0.3096805810928345,NA,NA
