epoch,accuracy,loss,val_accuracy,val_loss
0,0.6601559519767761,1.1335622072219849,NA,NA
1,0.7519433498382568,0.7561521530151367,NA,NA
