epoch,accuracy,loss,val_accuracy,val_loss
0,0.6179629564285278,1.3160814046859741,NA,NA
1,0.7487442493438721,0.7831457853317261,NA,NA
