epoch,accuracy,loss,val_accuracy,val_loss
0,0.9579455852508545,0.1621650755405426,NA,NA
1,0.9902002811431885,0.044144269078969955,NA,NA
2,0.9907723069190979,0.042594388127326965,NA,NA
3,0.991595447063446,0.04304902255535126,NA,NA
4,0.9914117455482483,0.04305854067206383,NA,NA
