epoch,accuracy,loss,val_accuracy,val_loss
0,0.9552505016326904,0.1426006555557251,NA,NA
1,0.9928796887397766,0.03884715214371681,NA,NA
2,0.991456151008606,0.044883765280246735,NA,NA
3,0.9939982295036316,0.04078846797347069,NA,NA
4,0.9938583970069885,0.04001658409833908,NA,NA
