epoch,accuracy,loss,val_accuracy,val_loss
0,0.958682119846344,0.13718439638614655,NA,NA
1,0.9916562438011169,0.0393938347697258,NA,NA
2,0.99272221326828,0.04204636812210083,NA,NA
3,0.9935171008110046,0.03946635127067566,NA,NA
4,0.992830753326416,0.037425048649311066,NA,NA
