epoch,accuracy,loss,val_accuracy,val_loss
0,0.9390624761581421,0.21394303441047668,NA,NA
1,0.9906041026115417,0.04516829177737236,NA,NA
2,0.9902635812759399,0.04549741744995117,NA,NA
3,0.9899942874908447,0.04506397247314453,NA,NA
4,0.9911016225814819,0.04092268645763397,NA,NA
