epoch,accuracy,loss,val_accuracy,val_loss
0,0.9541175365447998,0.17102567851543427,NA,NA
1,0.9884427189826965,0.05070881545543671,NA,NA
2,0.9902880787849426,0.04582939296960831,NA,NA
3,0.9920085072517395,0.03913950175046921,NA,NA
4,0.9917786121368408,0.04057833179831505,NA,NA
