epoch,accuracy,loss,val_accuracy,val_loss
0,0.9607606530189514,0.12673047184944153,NA,NA
1,0.9894622564315796,0.04767324775457382,NA,NA
2,0.9916766881942749,0.04798299819231033,NA,NA
3,0.9924325346946716,0.04151804372668266,NA,NA
4,0.9928225874900818,0.04236936196684837,NA,NA
