epoch,accuracy,loss,val_accuracy,val_loss
0,0.9927127361297607,0.03534522280097008,NA,NA
1,0.9924970269203186,0.03513170778751373,NA,NA
2,0.9927576780319214,0.03332658112049103,NA,NA
3,0.9933777451515198,0.03037451207637787,NA,NA
4,0.9947864413261414,0.02400984987616539,NA,NA
