epoch,accuracy,loss,val_accuracy,val_loss
0,0.991071343421936,0.043001655489206314,NA,NA
1,0.9930028915405273,0.033421020954847336,NA,NA
2,0.9937162399291992,0.029046572744846344,NA,NA
3,0.9946050643920898,0.02486290968954563,NA,NA
4,0.9951038956642151,0.02250717021524906,NA,NA
