epoch,accuracy,loss,val_accuracy,val_loss
0,0.9934488534927368,0.03291060030460358,NA,NA
1,0.9939013123512268,0.0294051393866539,NA,NA
2,0.9935860633850098,0.03009161539375782,NA,NA
3,0.9939569234848022,0.02755219116806984,NA,NA
4,0.9940662384033203,0.02703944221138954,NA,NA
