epoch,accuracy,loss,val_accuracy,val_loss
0,0.9925563931465149,0.03614550828933716,NA,NA
1,0.993618905544281,0.030149105936288834,NA,NA
2,0.9940970540046692,0.027308186516165733,NA,NA
3,0.9934623837471008,0.02977798320353031,NA,NA
4,0.9944765567779541,0.025106018409132957,NA,NA
