epoch,accuracy,loss,val_accuracy,val_loss
0,0.9932044744491577,0.03349187597632408,NA,NA
1,0.994001567363739,0.029074126854538918,NA,NA
2,0.9948303699493408,0.024775397032499313,NA,NA
3,0.9958987832069397,0.020163463428616524,NA,NA
4,0.994688093662262,0.024517400190234184,NA,NA
