epoch,accuracy,loss,val_accuracy,val_loss
0,0.8053391575813293,0.5134384632110596,NA,NA
1,0.8058258295059204,0.5091347098350525,NA,NA
2,0.8061456680297852,0.5063595175743103,NA,NA
3,0.8064669370651245,0.5024886131286621,NA,NA
4,0.8077625632286072,0.4975450932979584,NA,NA
