epoch,accuracy,loss,val_accuracy,val_loss
0,0.9539157748222351,0.14781497418880463,NA,NA
1,0.9927790760993958,0.04180246591567993,NA,NA
2,0.993207573890686,0.038115665316581726,NA,NA
3,0.993114173412323,0.04710075259208679,NA,NA
4,0.9919902086257935,0.03899068757891655,NA,NA
