epoch,accuracy,loss,val_accuracy,val_loss
0,0.9480694532394409,0.19559495151042938,NA,NA
1,0.9889651536941528,0.0484389066696167,NA,NA
2,0.9905670285224915,0.041836097836494446,NA,NA
3,0.9903496503829956,0.04837840050458908,NA,NA
4,0.9909550547599792,0.04321126639842987,NA,NA
