epoch,accuracy,loss,val_accuracy,val_loss
0,0.99193274974823,0.03846346214413643,NA,NA
1,0.9939061999320984,0.0296114943921566,NA,NA
2,0.9939150214195251,0.02951960638165474,NA,NA
3,0.9932327270507812,0.031691789627075195,NA,NA
4,0.9942781329154968,0.026335300877690315,NA,NA
