epoch,accuracy,loss,val_accuracy,val_loss
0,0.9939950108528137,0.03123590350151062,NA,NA
1,0.9932211637496948,0.03333260118961334,NA,NA
2,0.9932969212532043,0.032044123858213425,NA,NA
3,0.9933781027793884,0.03158971667289734,NA,NA
4,0.9935034513473511,0.03019375167787075,NA,NA
