epoch,accuracy,loss,val_accuracy,val_loss
0,0.9926432371139526,0.03583059459924698,NA,NA
1,0.9931280612945557,0.033752620220184326,NA,NA
2,0.993445873260498,0.031876325607299805,NA,NA
3,0.9929021000862122,0.033566251397132874,NA,NA
4,0.9930733442306519,0.032381821423769,NA,NA
