epoch,accuracy,loss,val_accuracy,val_loss
0,0.611826479434967,1.3387318849563599,NA,NA
1,0.744259238243103,0.7887169718742371,NA,NA
