epoch,accuracy,loss,val_accuracy,val_loss
0,0.6687867641448975,1.122105360031128,NA,NA
1,0.7470077872276306,0.7596262097358704,NA,NA
