epoch,accuracy,loss,val_accuracy,val_loss
0,0.6922020316123962,1.0217347145080566,NA,NA
1,0.7493177652359009,0.7528163194656372,NA,NA
