epoch,accuracy,loss,val_accuracy,val_loss
0,0.48488155007362366,1.769780158996582,NA,NA
1,0.7441325783729553,0.8692225813865662,NA,NA
