epoch,accuracy,loss,val_accuracy,val_loss
0,0.7569150328636169,0.6939692497253418,NA,NA
1,0.7724267244338989,0.6509498357772827,NA,NA
2,0.8071306943893433,0.524730920791626,NA,NA
3,0.8158546090126038,0.4908333420753479,NA,NA
4,0.8305373787879944,0.4133780598640442,NA,NA
