epoch,accuracy,loss,val_accuracy,val_loss
0,0.6310491561889648,1.2875969409942627,NA,NA
1,0.7453801035881042,0.7841373682022095,NA,NA
