epoch,accuracy,loss,val_accuracy,val_loss
0,0.9925854802131653,0.03639749437570572,NA,NA
1,0.9939820766448975,0.028811747208237648,NA,NA
2,0.9933674931526184,0.030738722532987595,NA,NA
3,0.9938570857048035,0.028091222047805786,NA,NA
4,0.9941783547401428,0.02641466073691845,NA,NA
