epoch,accuracy,loss,val_accuracy,val_loss
0,0.9923572540283203,0.0370289608836174,NA,NA
1,0.993657648563385,0.029478879645466805,NA,NA
2,0.9943203330039978,0.026053205132484436,NA,NA
3,0.9945664405822754,0.02482444979250431,NA,NA
4,0.9945340156555176,0.02469942346215248,NA,NA
