epoch,accuracy,loss,val_accuracy,val_loss
0,0.9933919906616211,0.032859064638614655,NA,NA
1,0.9942575097084045,0.02695329487323761,NA,NA
2,0.9953854084014893,0.022114191204309464,NA,NA
3,0.9950096607208252,0.023537330329418182,NA,NA
4,0.9939742088317871,0.027392864227294922,NA,NA
