epoch,accuracy,loss,val_accuracy,val_loss
0,0.9932075142860413,0.033572547137737274,NA,NA
1,0.994233250617981,0.02814827300608158,NA,NA
2,0.994308590888977,0.02645997703075409,NA,NA
3,0.9944532513618469,0.025502651929855347,NA,NA
4,0.9946548342704773,0.0242666844278574,NA,NA
