epoch,accuracy,loss,val_accuracy,val_loss
0,0.958970844745636,0.1259346604347229,NA,NA
1,0.991592526435852,0.04054515063762665,NA,NA
2,0.9940063953399658,0.033975835889577866,NA,NA
3,0.9925141930580139,0.042776186019182205,NA,NA
4,0.9939630031585693,0.03529144451022148,NA,NA
