epoch,accuracy,loss,val_accuracy,val_loss
0,0.9538877606391907,0.14131443202495575,NA,NA
1,0.990211009979248,0.043829452246427536,NA,NA
2,0.9917736053466797,0.04012598097324371,NA,NA
3,0.9918182492256165,0.04360952228307724,NA,NA
4,0.9921629428863525,0.03725242614746094,NA,NA
