epoch,accuracy,loss,val_accuracy,val_loss
0,0.6220480799674988,1.3162765502929688,NA,NA
1,0.7439685463905334,0.798403799533844,NA,NA
