epoch,accuracy,loss,val_accuracy,val_loss
0,0.6345621347427368,1.2573009729385376,NA,NA
1,0.7421329617500305,0.792458176612854,NA,NA
