epoch,accuracy,loss,val_accuracy,val_loss
0,0.9508129954338074,0.14737935364246368,NA,NA
1,0.9920231699943542,0.04049486294388771,NA,NA
2,0.9910398125648499,0.042168814688920975,NA,NA
3,0.99102383852005,0.043282583355903625,NA,NA
4,0.9913392663002014,0.03977803513407707,NA,NA
