epoch,accuracy,loss,val_accuracy,val_loss
0,0.9496763944625854,0.1445518434047699,NA,NA
1,0.9916667342185974,0.03978734835982323,NA,NA
2,0.9935174584388733,0.04147965833544731,NA,NA
3,0.9927970170974731,0.04244304075837135,NA,NA
4,0.9927148222923279,0.03509827330708504,NA,NA
