epoch,accuracy,loss,val_accuracy,val_loss
0,0.950507640838623,0.17731226980686188,NA,NA
1,0.990359902381897,0.04259822890162468,NA,NA
2,0.9908192157745361,0.041063763201236725,NA,NA
3,0.9913038611412048,0.04113558307290077,NA,NA
4,0.9907364249229431,0.04284688085317612,NA,NA
