epoch,accuracy,loss,val_accuracy,val_loss
0,0.9403971433639526,0.20727835595607758,NA,NA
1,0.9891209602355957,0.0491715706884861,NA,NA
2,0.9899537563323975,0.04611608386039734,NA,NA
3,0.9913462400436401,0.04311832785606384,NA,NA
4,0.9912713170051575,0.040827687829732895,NA,NA
