epoch,accuracy,loss,val_accuracy,val_loss
0,0.9227222800254822,0.21520328521728516,NA,NA
1,0.9903551340103149,0.05224074050784111,NA,NA
2,0.9919824004173279,0.04259733110666275,NA,NA
3,0.992037296295166,0.03907303884625435,NA,NA
4,0.9917958974838257,0.04067571833729744,NA,NA
