epoch,accuracy,loss,val_accuracy,val_loss
0,0.9219086170196533,0.22638346254825592,NA,NA
1,0.9917111396789551,0.049086637794971466,NA,NA
2,0.9935587644577026,0.04174739867448807,NA,NA
3,0.9924947023391724,0.034150563180446625,NA,NA
4,0.9923892021179199,0.04038792476058006,NA,NA
