epoch,accuracy,loss,val_accuracy,val_loss
0,0.8963132500648499,0.3589147627353668,NA,NA
1,0.9871684312820435,0.07960046827793121,NA,NA
2,0.9873378872871399,0.054433465003967285,NA,NA
3,0.9868360757827759,0.05644896626472473,NA,NA
4,0.9884905219078064,0.05643438547849655,NA,NA
