epoch,accuracy,loss,val_accuracy,val_loss
0,0.929621160030365,0.21236611902713776,NA,NA
1,0.9929146766662598,0.05490080639719963,NA,NA
2,0.9928468465805054,0.03821095451712608,NA,NA
3,0.9923930764198303,0.034919049590826035,NA,NA
4,0.9907450079917908,0.04122478887438774,NA,NA
