epoch,accuracy,loss,val_accuracy,val_loss
0,0.9069751501083374,0.2962072491645813,NA,NA
1,0.9894397854804993,0.06355218589305878,NA,NA
2,0.9900669455528259,0.04377494007349014,NA,NA
3,0.9920033812522888,0.04048258066177368,NA,NA
4,0.9880667924880981,0.048863623291254044,NA,NA
