epoch,accuracy,loss,val_accuracy,val_loss
0,0.8059234023094177,0.5125386714935303,NA,NA
1,0.8058900833129883,0.5106291770935059,NA,NA
2,0.8054969310760498,0.5089601874351501,NA,NA
3,0.8060489296913147,0.5072172284126282,NA,NA
4,0.806617796421051,0.5043600797653198,NA,NA
