epoch,accuracy,loss,val_accuracy,val_loss
0,0.8054746389389038,0.513511061668396,NA,NA
1,0.8057001233100891,0.5108816027641296,NA,NA
2,0.8065075874328613,0.5025518536567688,NA,NA
3,0.8073222041130066,0.4996000826358795,NA,NA
4,0.8067955374717712,0.5029165744781494,NA,NA
