epoch,accuracy,loss,val_accuracy,val_loss
0,0.8053852319717407,0.5136507749557495,NA,NA
1,0.8060407638549805,0.5068106055259705,NA,NA
2,0.8060215711593628,0.5084788799285889,NA,NA
3,0.8065113425254822,0.5052939057350159,NA,NA
4,0.8070856928825378,0.5022399425506592,NA,NA
