epoch,accuracy,loss,val_accuracy,val_loss
0,0.8064509630203247,0.5079537034034729,NA,NA
1,0.8074365258216858,0.5012505054473877,NA,NA
