epoch,accuracy,loss,val_accuracy,val_loss
0,0.1711203157901764,2.353522777557373,NA,NA
1,0.49997925758361816,1.345373272895813,NA,NA
