epoch,accuracy,loss,val_accuracy,val_loss
0,0.9395383596420288,0.1832178831100464,NA,NA
1,0.9889266490936279,0.05592280253767967,NA,NA
2,0.9895380139350891,0.048130396753549576,NA,NA
3,0.9893444180488586,0.04515897110104561,NA,NA
4,0.9889354109764099,0.0457141138613224,NA,NA
